RFM_Group,Avg_Recency,Avg_Frequency,Avg_Monetary,Customer_Count
At Risk Customers,122.388291433892,5.22905027932961,2066.46262569832,179
Champions,12.2266063797314,10.7263736263736,5435.52914285714,910
Lost Customers,222.631806922236,1.03444034440344,197.96393603936,813
Loyal Customers,33.5448793859649,4.01973684210526,1366.40238157895,760
Others,106.731854756048,1.90553505535055,598.726797047971,1355
Recent Buyers,15.9601842629482,1.05577689243028,217.246494023904,251
